INSERT INTO public.network_context(id, computation_date, insertion_date, network_date, case_type_id) VALUES (1, '2018-10-16T06:00:00Z', now(), '2018-10-16T06:00:00Z', 'pf');
INSERT INTO public.network_context(id, computation_date, insertion_date, network_date, case_type_id) VALUES (2, '2018-10-16T06:05:00Z', now(), '2018-10-16T06:05:00Z', 'pf');
INSERT INTO public.network_context(id, computation_date, insertion_date, network_date, case_type_id) VALUES (3, '2018-10-16T06:10:00Z', now(), '2018-10-16T06:10:00Z', 'pf');
INSERT INTO public.network_context(id, computation_date, insertion_date, network_date, case_type_id) VALUES (4, '2018-10-16T06:15:00Z', now(), '2018-10-16T06:15:00Z', 'pf');
INSERT INTO public.network_context(id, computation_date, insertion_date, network_date, case_type_id) VALUES (5, '2018-10-16T06:20:00Z', now(), '2018-10-16T06:20:00Z', 'pf');
INSERT INTO public.network_context(id, computation_date, insertion_date, network_date, case_type_id) VALUES (6, '2018-10-16T06:25:00Z', now(), '2018-10-16T06:25:00Z', 'pf');
INSERT INTO public.network_context(id, computation_date, insertion_date, network_date, case_type_id) VALUES (7, '2018-10-16T06:30:00Z', now(), '2018-10-16T06:30:00Z', 'pf');
INSERT INTO public.network_context(id, computation_date, insertion_date, network_date, case_type_id) VALUES (8, '2018-10-16T06:35:00Z', now(), '2018-10-16T06:35:00Z', 'srmixte');
INSERT INTO public.network_context(id, computation_date, insertion_date, network_date, case_type_id) VALUES (9, '2018-10-16T06:40:00Z', now(), '2018-10-16T06:40:00Z', 'pf');
INSERT INTO public.network_context(id, computation_date, insertion_date, network_date, case_type_id) VALUES (10, '2018-10-16T06:45:00Z', now(), '2018-10-16T06:45:00Z', 'pf');
INSERT INTO public.network_context(id, computation_date, insertion_date, network_date, case_type_id) VALUES (11, '2018-10-16T06:50:00Z', now(), '2018-10-16T06:50:00Z', 'pf');
INSERT INTO public.network_context(id, computation_date, insertion_date, network_date, case_type_id) VALUES (12, '2018-10-16T06:55:00Z', now(), '2018-10-16T06:55:00Z', 'pf');
INSERT INTO public.network_context(id, computation_date, insertion_date, network_date, case_type_id) VALUES (13, '2018-10-16T07:00:00Z', now(), '2018-10-16T07:00:00Z', 'pf');
INSERT INTO public.network_context(id, computation_date, insertion_date, network_date, case_type_id) VALUES (14, '2018-10-16T06:15:00Z', now(), '2018-10-16T06:30:00Z', 'srmixte');
INSERT INTO public.network_context(id, computation_date, insertion_date, network_date, case_type_id) VALUES (15, '2018-10-16T06:15:00Z', now(), '2018-10-16T07:30:00Z', 'srmixte');
INSERT INTO public.network_context(id, computation_date, insertion_date, network_date, case_type_id) VALUES (16, '2018-10-16T06:15:00Z', now(), '2018-10-16T08:30:00Z', 'srmixte');
INSERT INTO public.network_context(id, computation_date, insertion_date, network_date, case_type_id) VALUES (17, '2018-10-16T06:30:00Z', now(), '2018-10-16T06:30:00Z', 'srmixte');
INSERT INTO public.network_context(id, computation_date, insertion_date, network_date, case_type_id) VALUES (18, '2018-10-16T06:30:00Z', now(), '2018-10-16T07:30:00Z', 'srmixte');
INSERT INTO public.network_context(id, computation_date, insertion_date, network_date, case_type_id) VALUES (19, '2018-10-16T06:30:00Z', now(), '2018-10-16T08:30:00Z', 'srmixte');
INSERT INTO public.network_context(id, computation_date, insertion_date, network_date, case_type_id) VALUES (20, '2018-10-16T06:45:00Z', now(), '2018-10-16T07:30:00Z', 'srmixte');
INSERT INTO public.network_context(id, computation_date, insertion_date, network_date, case_type_id) VALUES (21, '2018-10-16T06:45:00Z', now(), '2018-10-16T08:30:00Z', 'srmixte');
INSERT INTO public.network_context(id, computation_date, insertion_date, network_date, case_type_id) VALUES (22, '2018-10-16T06:45:00Z', now(), '2018-10-16T09:30:00Z', 'srmixte');
INSERT INTO public.network_context(id, computation_date, insertion_date, network_date, case_type_id) VALUES (23, '2018-10-16T07:00:00Z', now(), '2018-10-16T07:30:00Z', 'srmixte');
INSERT INTO public.network_context(id, computation_date, insertion_date, network_date, case_type_id) VALUES (24, '2018-10-16T07:00:00Z', now(), '2018-10-16T08:30:00Z', 'srmixte');
INSERT INTO public.network_context(id, computation_date, insertion_date, network_date, case_type_id) VALUES (25, '2018-10-16T07:00:00Z', now(), '2018-10-16T09:30:00Z', 'srmixte');
INSERT INTO public.network_context(id, computation_date, insertion_date, network_date, case_type_id) VALUES (26, '2018-10-16T06:00:00Z', now(), '2018-10-16T06:30:00Z', 'srj-ij');
INSERT INTO public.network_context(id, computation_date, insertion_date, network_date, case_type_id) VALUES (27, '2018-10-16T06:00:00Z', now(), '2018-10-16T07:30:00Z', 'srj-ij');
INSERT INTO public.network_context(id, computation_date, insertion_date, network_date, case_type_id) VALUES (28, '2018-10-16T06:00:00Z', now(), '2018-10-16T08:30:00Z', 'srj-ij');
INSERT INTO public.network_context(id, computation_date, insertion_date, network_date, case_type_id) VALUES (29, '2018-10-16T06:00:00Z', now(), '2018-10-16T09:30:00Z', 'srj-ij');
INSERT INTO public.network_context(id, computation_date, insertion_date, network_date, case_type_id) VALUES (30, '2018-10-16T06:00:00Z', now(), '2018-10-16T10:30:00Z', 'srj-ij');
INSERT INTO public.network_context(id, computation_date, insertion_date, network_date, case_type_id) VALUES (31, '2018-10-16T06:00:00Z', now(), '2018-10-16T11:30:00Z', 'srj-ij');
INSERT INTO public.network_context(id, computation_date, insertion_date, network_date, case_type_id) VALUES (32, '2018-10-16T06:00:00Z', now(), '2018-10-16T12:30:00Z', 'srj-ij');
INSERT INTO public.network_context(id, computation_date, insertion_date, network_date, case_type_id) VALUES (33, '2018-10-16T06:00:00Z', now(), '2018-10-16T13:30:00Z', 'srj-ij');
INSERT INTO public.network_context(id, computation_date, insertion_date, network_date, case_type_id) VALUES (34, '2018-10-16T06:00:00Z', now(), '2018-10-16T14:30:00Z', 'srj-ij');
INSERT INTO public.network_context(id, computation_date, insertion_date, network_date, case_type_id) VALUES (35, '2018-10-16T06:00:00Z', now(), '2018-10-16T15:30:00Z', 'srj-ij');
INSERT INTO public.network_context(id, computation_date, insertion_date, network_date, case_type_id) VALUES (36, '2018-10-16T06:00:00Z', now(), '2018-10-16T16:30:00Z', 'srj-ij');
INSERT INTO public.network_context(id, computation_date, insertion_date, network_date, case_type_id) VALUES (37, '2018-10-16T06:00:00Z', now(), '2018-10-16T17:30:00Z', 'srj-ij');
INSERT INTO public.network_context(id, computation_date, insertion_date, network_date, case_type_id) VALUES (38, '2018-10-16T06:00:00Z', now(), '2018-10-16T18:30:00Z', 'srj-ij');
INSERT INTO public.network_context(id, computation_date, insertion_date, network_date, case_type_id) VALUES (39, '2018-10-16T06:00:00Z', now(), '2018-10-16T19:30:00Z', 'srj-ij');
INSERT INTO public.network_context(id, computation_date, insertion_date, network_date, case_type_id) VALUES (40, '2018-10-16T06:00:00Z', now(), '2018-10-16T20:30:00Z', 'srj-ij');
INSERT INTO public.network_context(id, computation_date, insertion_date, network_date, case_type_id) VALUES (41, '2018-10-16T06:00:00Z', now(), '2018-10-16T21:30:00Z', 'srj-ij');
INSERT INTO public.network_context(id, computation_date, insertion_date, network_date, case_type_id) VALUES (42, '2018-10-16T06:00:00Z', now(), '2018-10-16T22:30:00Z', 'srj-ij');
INSERT INTO public.network_context(id, computation_date, insertion_date, network_date, case_type_id) VALUES (43, '2018-10-16T06:00:00Z', now(), '2018-10-16T23:30:00Z', 'srj-ij');
INSERT INTO public.network_context(id, computation_date, insertion_date, network_date, case_type_id) VALUES (44, '2018-10-16T06:00:00Z', now(), '2018-10-17T00:30:00Z', 'srj-ij');
INSERT INTO public.network_context(id, computation_date, insertion_date, network_date, case_type_id) VALUES (45, '2018-10-16T06:00:00Z', now(), '2018-10-17T01:30:00Z', 'srj-ij');
INSERT INTO public.network_context(id, computation_date, insertion_date, network_date, case_type_id) VALUES (46, '2018-10-16T06:00:00Z', now(), '2018-10-17T02:30:00Z', 'srj-ij');
INSERT INTO public.network_context(id, computation_date, insertion_date, network_date, case_type_id) VALUES (47, '2018-10-16T06:00:00Z', now(), '2018-10-17T03:30:00Z', 'srj-ij');
INSERT INTO public.network_context(id, computation_date, insertion_date, network_date, case_type_id) VALUES (48, '2018-10-16T06:00:00Z', now(), '2018-10-17T04:30:00Z', 'srj-ij');
INSERT INTO public.network_context(id, computation_date, insertion_date, network_date, case_type_id) VALUES (49, '2018-10-16T06:00:00Z', now(), '2018-10-17T05:30:00Z', 'srj-ij');
INSERT INTO public.network_context(id, computation_date, insertion_date, network_date, case_type_id) VALUES (50, '2018-10-16T07:00:00Z', now(), '2018-10-16T07:30:00Z', 'srj-ij');
INSERT INTO public.network_context(id, computation_date, insertion_date, network_date, case_type_id) VALUES (51, '2018-10-16T07:00:00Z', now(), '2018-10-16T08:30:00Z', 'srj-ij');
INSERT INTO public.network_context(id, computation_date, insertion_date, network_date, case_type_id) VALUES (52, '2018-10-16T07:00:00Z', now(), '2018-10-16T09:30:00Z', 'srj-ij');
INSERT INTO public.network_context(id, computation_date, insertion_date, network_date, case_type_id) VALUES (53, '2018-10-16T07:00:00Z', now(), '2018-10-16T10:30:00Z', 'srj-ij');
INSERT INTO public.network_context(id, computation_date, insertion_date, network_date, case_type_id) VALUES (54, '2018-10-16T07:00:00Z', now(), '2018-10-16T11:30:00Z', 'srj-ij');
INSERT INTO public.network_context(id, computation_date, insertion_date, network_date, case_type_id) VALUES (55, '2018-10-16T07:00:00Z', now(), '2018-10-16T12:30:00Z', 'srj-ij');
INSERT INTO public.network_context(id, computation_date, insertion_date, network_date, case_type_id) VALUES (56, '2018-10-16T07:00:00Z', now(), '2018-10-16T13:30:00Z', 'srj-ij');
INSERT INTO public.network_context(id, computation_date, insertion_date, network_date, case_type_id) VALUES (57, '2018-10-16T07:00:00Z', now(), '2018-10-16T14:30:00Z', 'srj-ij');
INSERT INTO public.network_context(id, computation_date, insertion_date, network_date, case_type_id) VALUES (58, '2018-10-16T07:00:00Z', now(), '2018-10-16T15:30:00Z', 'srj-ij');
INSERT INTO public.network_context(id, computation_date, insertion_date, network_date, case_type_id) VALUES (59, '2018-10-16T07:00:00Z', now(), '2018-10-16T16:30:00Z', 'srj-ij');
INSERT INTO public.network_context(id, computation_date, insertion_date, network_date, case_type_id) VALUES (60, '2018-10-16T07:00:00Z', now(), '2018-10-16T17:30:00Z', 'srj-ij');
INSERT INTO public.network_context(id, computation_date, insertion_date, network_date, case_type_id) VALUES (61, '2018-10-16T07:00:00Z', now(), '2018-10-16T18:30:00Z', 'srj-ij');
INSERT INTO public.network_context(id, computation_date, insertion_date, network_date, case_type_id) VALUES (62, '2018-10-16T07:00:00Z', now(), '2018-10-16T19:30:00Z', 'srj-ij');
INSERT INTO public.network_context(id, computation_date, insertion_date, network_date, case_type_id) VALUES (63, '2018-10-16T07:00:00Z', now(), '2018-10-16T20:30:00Z', 'srj-ij');
INSERT INTO public.network_context(id, computation_date, insertion_date, network_date, case_type_id) VALUES (64, '2018-10-16T07:00:00Z', now(), '2018-10-16T21:30:00Z', 'srj-ij');
INSERT INTO public.network_context(id, computation_date, insertion_date, network_date, case_type_id) VALUES (65, '2018-10-16T07:00:00Z', now(), '2018-10-16T22:30:00Z', 'srj-ij');
INSERT INTO public.network_context(id, computation_date, insertion_date, network_date, case_type_id) VALUES (66, '2018-10-16T07:00:00Z', now(), '2018-10-16T23:30:00Z', 'srj-ij');
INSERT INTO public.network_context(id, computation_date, insertion_date, network_date, case_type_id) VALUES (67, '2018-10-16T07:00:00Z', now(), '2018-10-17T00:30:00Z', 'srj-ij');
INSERT INTO public.network_context(id, computation_date, insertion_date, network_date, case_type_id) VALUES (68, '2018-10-16T07:00:00Z', now(), '2018-10-17T01:30:00Z', 'srj-ij');
INSERT INTO public.network_context(id, computation_date, insertion_date, network_date, case_type_id) VALUES (69, '2018-10-16T07:00:00Z', now(), '2018-10-17T02:30:00Z', 'srj-ij');
INSERT INTO public.network_context(id, computation_date, insertion_date, network_date, case_type_id) VALUES (70, '2018-10-16T07:00:00Z', now(), '2018-10-17T03:30:00Z', 'srj-ij');
INSERT INTO public.network_context(id, computation_date, insertion_date, network_date, case_type_id) VALUES (71, '2018-10-16T07:00:00Z', now(), '2018-10-17T04:30:00Z', 'srj-ij');
INSERT INTO public.network_context(id, computation_date, insertion_date, network_date, case_type_id) VALUES (72, '2018-10-16T07:00:00Z', now(), '2018-10-17T05:30:00Z', 'srj-ij');
INSERT INTO public.network_context(id, computation_date, insertion_date, network_date, case_type_id) VALUES (73, '2018-10-16T07:00:00Z', now(), '2018-10-17T06:30:00Z', 'srj-ij');

INSERT INTO public.network_security_analysis_result(id, end_date, exec_status, id_afs_runner, name, start_date, networkcontext_id, limit_violations_result_id, computation_with_remedials) VALUES (1, now(), 'COMPLETED', '', 'AS_COMMON', now(), 1, null, true);
INSERT INTO public.network_security_analysis_result(id, end_date, exec_status, id_afs_runner, name, start_date, networkcontext_id, limit_violations_result_id, computation_with_remedials) VALUES (2, now(), 'COMPLETED', '', 'AS_COMMON', now(), 2, null, true);
INSERT INTO public.network_security_analysis_result(id, end_date, exec_status, id_afs_runner, name, start_date, networkcontext_id, limit_violations_result_id, computation_with_remedials) VALUES (3, now(), 'COMPLETED', '', 'AS_COMMON', now(), 3, null, true);
INSERT INTO public.network_security_analysis_result(id, end_date, exec_status, id_afs_runner, name, start_date, networkcontext_id, limit_violations_result_id, computation_with_remedials) VALUES (4, now(), 'COMPLETED', '', 'AS_COMMON', now(), 4, null, true);
INSERT INTO public.network_security_analysis_result(id, end_date, exec_status, id_afs_runner, name, start_date, networkcontext_id, limit_violations_result_id, computation_with_remedials) VALUES (5, now(), 'COMPLETED', '', 'AS_COMMON', now(), 5, null, true);
INSERT INTO public.network_security_analysis_result(id, end_date, exec_status, id_afs_runner, name, start_date, networkcontext_id, limit_violations_result_id, computation_with_remedials) VALUES (6, now(), 'COMPLETED', '', 'AS_COMMON', now(), 6, null, true);
INSERT INTO public.network_security_analysis_result(id, end_date, exec_status, id_afs_runner, name, start_date, networkcontext_id, limit_violations_result_id, computation_with_remedials) VALUES (7, now(), 'COMPLETED', '', 'AS_COMMON', now(), 7, null, true);
INSERT INTO public.network_security_analysis_result(id, end_date, exec_status, id_afs_runner, name, start_date, networkcontext_id, limit_violations_result_id, computation_with_remedials) VALUES (8, now(), 'COMPLETED', '', 'AS_COMMON', now(), 8, null, true);
INSERT INTO public.network_security_analysis_result(id, end_date, exec_status, id_afs_runner, name, start_date, networkcontext_id, limit_violations_result_id, computation_with_remedials) VALUES (9, now(), 'COMPLETED', '', 'AS_COMMON', now(), 9, null, true);
INSERT INTO public.network_security_analysis_result(id, end_date, exec_status, id_afs_runner, name, start_date, networkcontext_id, limit_violations_result_id, computation_with_remedials) VALUES (10, now(), 'COMPLETED', '', 'AS_COMMON', now(), 10, null, true);

INSERT INTO public.network_security_analysis_result(id, end_date, exec_status, id_afs_runner, name, start_date, networkcontext_id, limit_violations_result_id, computation_with_remedials) VALUES (11, now(), 'COMPLETED', '', 'AS_COMMON', now(), 11, null, true);
INSERT INTO public.network_security_analysis_result(id, end_date, exec_status, id_afs_runner, name, start_date, networkcontext_id, limit_violations_result_id, computation_with_remedials) VALUES (12, now(), 'COMPLETED', '', 'AS_COMMON', now(), 12, null, true);
INSERT INTO public.network_security_analysis_result(id, end_date, exec_status, id_afs_runner, name, start_date, networkcontext_id, limit_violations_result_id, computation_with_remedials) VALUES (13, now(), 'COMPLETED', '', 'AS_COMMON', now(), 13, null, true);
INSERT INTO public.network_security_analysis_result(id, end_date, exec_status, id_afs_runner, name, start_date, networkcontext_id, limit_violations_result_id, computation_with_remedials) VALUES (14, now(), 'COMPLETED', '', 'AS_COMMON', now(), 14, null, true);
INSERT INTO public.network_security_analysis_result(id, end_date, exec_status, id_afs_runner, name, start_date, networkcontext_id, limit_violations_result_id, computation_with_remedials) VALUES (15, now(), 'COMPLETED', '', 'AS_COMMON', now(), 15, null, true);
INSERT INTO public.network_security_analysis_result(id, end_date, exec_status, id_afs_runner, name, start_date, networkcontext_id, limit_violations_result_id, computation_with_remedials) VALUES (16, now(), 'COMPLETED', '', 'AS_COMMON', now(), 16, null, true);
INSERT INTO public.network_security_analysis_result(id, end_date, exec_status, id_afs_runner, name, start_date, networkcontext_id, limit_violations_result_id, computation_with_remedials) VALUES (17, now(), 'COMPLETED', '', 'AS_COMMON', now(), 17, null, true);
INSERT INTO public.network_security_analysis_result(id, end_date, exec_status, id_afs_runner, name, start_date, networkcontext_id, limit_violations_result_id, computation_with_remedials) VALUES (18, now(), 'COMPLETED', '', 'AS_COMMON', now(), 18, null, true);
INSERT INTO public.network_security_analysis_result(id, end_date, exec_status, id_afs_runner, name, start_date, networkcontext_id, limit_violations_result_id, computation_with_remedials) VALUES (19, now(), 'COMPLETED', '', 'AS_COMMON', now(), 19, null, true);
INSERT INTO public.network_security_analysis_result(id, end_date, exec_status, id_afs_runner, name, start_date, networkcontext_id, limit_violations_result_id, computation_with_remedials) VALUES (20, now(), 'COMPLETED', '', 'AS_COMMON', now(), 20, null, true);

INSERT INTO public.network_security_analysis_result(id, end_date, exec_status, id_afs_runner, name, start_date, networkcontext_id, limit_violations_result_id, computation_with_remedials) VALUES (21, now(), 'COMPLETED', '', 'AS_COMMON', now(), 21, null, true);
INSERT INTO public.network_security_analysis_result(id, end_date, exec_status, id_afs_runner, name, start_date, networkcontext_id, limit_violations_result_id, computation_with_remedials) VALUES (23, now(), 'COMPLETED', '', 'AS_COMMON', now(), 23, null, true);
INSERT INTO public.network_security_analysis_result(id, end_date, exec_status, id_afs_runner, name, start_date, networkcontext_id, limit_violations_result_id, computation_with_remedials) VALUES (24, now(), 'COMPLETED', '', 'AS_COMMON', now(), 24, null, true);
INSERT INTO public.network_security_analysis_result(id, end_date, exec_status, id_afs_runner, name, start_date, networkcontext_id, limit_violations_result_id, computation_with_remedials) VALUES (25, now(), 'COMPLETED', '', 'AS_COMMON', now(), 25, null, true);
INSERT INTO public.network_security_analysis_result(id, end_date, exec_status, id_afs_runner, name, start_date, networkcontext_id, limit_violations_result_id, computation_with_remedials) VALUES (26, now(), 'COMPLETED', '', 'AS_COMMON', now(), 26, null, true);
INSERT INTO public.network_security_analysis_result(id, end_date, exec_status, id_afs_runner, name, start_date, networkcontext_id, limit_violations_result_id, computation_with_remedials) VALUES (27, now(), 'COMPLETED', '', 'AS_COMMON', now(), 27, null, true);
INSERT INTO public.network_security_analysis_result(id, end_date, exec_status, id_afs_runner, name, start_date, networkcontext_id, limit_violations_result_id, computation_with_remedials) VALUES (28, now(), 'COMPLETED', '', 'AS_COMMON', now(), 28, null, true);
INSERT INTO public.network_security_analysis_result(id, end_date, exec_status, id_afs_runner, name, start_date, networkcontext_id, limit_violations_result_id, computation_with_remedials) VALUES (29, now(), 'COMPLETED', '', 'AS_COMMON', now(), 29, null, true);
INSERT INTO public.network_security_analysis_result(id, end_date, exec_status, id_afs_runner, name, start_date, networkcontext_id, limit_violations_result_id, computation_with_remedials) VALUES (30, now(), 'COMPLETED', '', 'AS_COMMON', now(), 30, null, true);
INSERT INTO public.network_security_analysis_result(id, end_date, exec_status, id_afs_runner, name, start_date, networkcontext_id, limit_violations_result_id, computation_with_remedials) VALUES (22, now(), 'COMPLETED', '', 'AS_COMMON', now(), 22, null, true);

INSERT INTO public.network_security_analysis_result(id, end_date, exec_status, id_afs_runner, name, start_date, networkcontext_id, limit_violations_result_id, computation_with_remedials) VALUES (31, now(), 'COMPLETED', '', 'AS_COMMON', now(), 31, null, true);
INSERT INTO public.network_security_analysis_result(id, end_date, exec_status, id_afs_runner, name, start_date, networkcontext_id, limit_violations_result_id, computation_with_remedials) VALUES (32, now(), 'COMPLETED', '', 'AS_COMMON', now(), 32, null, true);
INSERT INTO public.network_security_analysis_result(id, end_date, exec_status, id_afs_runner, name, start_date, networkcontext_id, limit_violations_result_id, computation_with_remedials) VALUES (33, now(), 'COMPLETED', '', 'AS_COMMON', now(), 33, null, true);
INSERT INTO public.network_security_analysis_result(id, end_date, exec_status, id_afs_runner, name, start_date, networkcontext_id, limit_violations_result_id, computation_with_remedials) VALUES (34, now(), 'COMPLETED', '', 'AS_COMMON', now(), 34, null, true);
INSERT INTO public.network_security_analysis_result(id, end_date, exec_status, id_afs_runner, name, start_date, networkcontext_id, limit_violations_result_id, computation_with_remedials) VALUES (35, now(), 'COMPLETED', '', 'AS_COMMON', now(), 35, null, true);
INSERT INTO public.network_security_analysis_result(id, end_date, exec_status, id_afs_runner, name, start_date, networkcontext_id, limit_violations_result_id, computation_with_remedials) VALUES (36, now(), 'COMPLETED', '', 'AS_COMMON', now(), 36, null, true);
INSERT INTO public.network_security_analysis_result(id, end_date, exec_status, id_afs_runner, name, start_date, networkcontext_id, limit_violations_result_id, computation_with_remedials) VALUES (37, now(), 'COMPLETED', '', 'AS_COMMON', now(), 37, null, true);
INSERT INTO public.network_security_analysis_result(id, end_date, exec_status, id_afs_runner, name, start_date, networkcontext_id, limit_violations_result_id, computation_with_remedials) VALUES (38, now(), 'COMPLETED', '', 'AS_COMMON', now(), 38, null, true);
INSERT INTO public.network_security_analysis_result(id, end_date, exec_status, id_afs_runner, name, start_date, networkcontext_id, limit_violations_result_id, computation_with_remedials) VALUES (39, now(), 'COMPLETED', '', 'AS_COMMON', now(), 39, null, true);
INSERT INTO public.network_security_analysis_result(id, end_date, exec_status, id_afs_runner, name, start_date, networkcontext_id, limit_violations_result_id, computation_with_remedials) VALUES (40, now(), 'COMPLETED', '', 'AS_COMMON', now(), 40, null, true);

INSERT INTO public.network_security_analysis_result(id, end_date, exec_status, id_afs_runner, name, start_date, networkcontext_id, limit_violations_result_id, computation_with_remedials) VALUES (41, now(), 'COMPLETED', '', 'AS_COMMON', now(), 41, null, true);
INSERT INTO public.network_security_analysis_result(id, end_date, exec_status, id_afs_runner, name, start_date, networkcontext_id, limit_violations_result_id, computation_with_remedials) VALUES (42, now(), 'COMPLETED', '', 'AS_COMMON', now(), 42, null, true);
INSERT INTO public.network_security_analysis_result(id, end_date, exec_status, id_afs_runner, name, start_date, networkcontext_id, limit_violations_result_id, computation_with_remedials) VALUES (43, now(), 'COMPLETED', '', 'AS_COMMON', now(), 43, null, true);
INSERT INTO public.network_security_analysis_result(id, end_date, exec_status, id_afs_runner, name, start_date, networkcontext_id, limit_violations_result_id, computation_with_remedials) VALUES (44, now(), 'COMPLETED', '', 'AS_COMMON', now(), 44, null, true);
INSERT INTO public.network_security_analysis_result(id, end_date, exec_status, id_afs_runner, name, start_date, networkcontext_id, limit_violations_result_id, computation_with_remedials) VALUES (45, now(), 'COMPLETED', '', 'AS_COMMON', now(), 45, null, true);
INSERT INTO public.network_security_analysis_result(id, end_date, exec_status, id_afs_runner, name, start_date, networkcontext_id, limit_violations_result_id, computation_with_remedials) VALUES (46, now(), 'COMPLETED', '', 'AS_COMMON', now(), 46, null, true);
INSERT INTO public.network_security_analysis_result(id, end_date, exec_status, id_afs_runner, name, start_date, networkcontext_id, limit_violations_result_id, computation_with_remedials) VALUES (47, now(), 'COMPLETED', '', 'AS_COMMON', now(), 47, null, true);
INSERT INTO public.network_security_analysis_result(id, end_date, exec_status, id_afs_runner, name, start_date, networkcontext_id, limit_violations_result_id, computation_with_remedials) VALUES (48, now(), 'COMPLETED', '', 'AS_COMMON', now(), 48, null, true);
INSERT INTO public.network_security_analysis_result(id, end_date, exec_status, id_afs_runner, name, start_date, networkcontext_id, limit_violations_result_id, computation_with_remedials) VALUES (49, now(), 'COMPLETED', '', 'AS_COMMON', now(), 49, null, true);
INSERT INTO public.network_security_analysis_result(id, end_date, exec_status, id_afs_runner, name, start_date, networkcontext_id, limit_violations_result_id, computation_with_remedials) VALUES (50, now(), 'COMPLETED', '', 'AS_COMMON', now(), 50, null, true);

INSERT INTO public.network_security_analysis_result(id, end_date, exec_status, id_afs_runner, name, start_date, networkcontext_id, limit_violations_result_id, computation_with_remedials) VALUES (51, now(), 'COMPLETED', '', 'AS_COMMON', now(), 51, null, true);
INSERT INTO public.network_security_analysis_result(id, end_date, exec_status, id_afs_runner, name, start_date, networkcontext_id, limit_violations_result_id, computation_with_remedials) VALUES (52, now(), 'COMPLETED', '', 'AS_COMMON', now(), 52, null, true);
INSERT INTO public.network_security_analysis_result(id, end_date, exec_status, id_afs_runner, name, start_date, networkcontext_id, limit_violations_result_id, computation_with_remedials) VALUES (53, now(), 'COMPLETED', '', 'AS_COMMON', now(), 53, null, true);
INSERT INTO public.network_security_analysis_result(id, end_date, exec_status, id_afs_runner, name, start_date, networkcontext_id, limit_violations_result_id, computation_with_remedials) VALUES (54, now(), 'COMPLETED', '', 'AS_COMMON', now(), 54, null, true);
INSERT INTO public.network_security_analysis_result(id, end_date, exec_status, id_afs_runner, name, start_date, networkcontext_id, limit_violations_result_id, computation_with_remedials) VALUES (55, now(), 'COMPLETED', '', 'AS_COMMON', now(), 55, null, true);
INSERT INTO public.network_security_analysis_result(id, end_date, exec_status, id_afs_runner, name, start_date, networkcontext_id, limit_violations_result_id, computation_with_remedials) VALUES (56, now(), 'COMPLETED', '', 'AS_COMMON', now(), 56, null, true);
INSERT INTO public.network_security_analysis_result(id, end_date, exec_status, id_afs_runner, name, start_date, networkcontext_id, limit_violations_result_id, computation_with_remedials) VALUES (57, now(), 'COMPLETED', '', 'AS_COMMON', now(), 57, null, true);
INSERT INTO public.network_security_analysis_result(id, end_date, exec_status, id_afs_runner, name, start_date, networkcontext_id, limit_violations_result_id, computation_with_remedials) VALUES (58, now(), 'COMPLETED', '', 'AS_COMMON', now(), 58, null, true);
INSERT INTO public.network_security_analysis_result(id, end_date, exec_status, id_afs_runner, name, start_date, networkcontext_id, limit_violations_result_id, computation_with_remedials) VALUES (59, now(), 'COMPLETED', '', 'AS_COMMON', now(), 59, null, true);
INSERT INTO public.network_security_analysis_result(id, end_date, exec_status, id_afs_runner, name, start_date, networkcontext_id, limit_violations_result_id, computation_with_remedials) VALUES (60, now(), 'COMPLETED', '', 'AS_COMMON', now(), 60, null, true);

INSERT INTO public.network_security_analysis_result(id, end_date, exec_status, id_afs_runner, name, start_date, networkcontext_id, limit_violations_result_id, computation_with_remedials) VALUES (61, now(), 'COMPLETED', '', 'AS_COMMON', now(), 61, null, true);
INSERT INTO public.network_security_analysis_result(id, end_date, exec_status, id_afs_runner, name, start_date, networkcontext_id, limit_violations_result_id, computation_with_remedials) VALUES (62, now(), 'COMPLETED', '', 'AS_COMMON', now(), 62, null, true);
INSERT INTO public.network_security_analysis_result(id, end_date, exec_status, id_afs_runner, name, start_date, networkcontext_id, limit_violations_result_id, computation_with_remedials) VALUES (63, now(), 'COMPLETED', '', 'AS_COMMON', now(), 63, null, true);
INSERT INTO public.network_security_analysis_result(id, end_date, exec_status, id_afs_runner, name, start_date, networkcontext_id, limit_violations_result_id, computation_with_remedials) VALUES (64, now(), 'COMPLETED', '', 'AS_COMMON', now(), 64, null, true);
INSERT INTO public.network_security_analysis_result(id, end_date, exec_status, id_afs_runner, name, start_date, networkcontext_id, limit_violations_result_id, computation_with_remedials) VALUES (65, now(), 'COMPLETED', '', 'AS_COMMON', now(), 65, null, true);
INSERT INTO public.network_security_analysis_result(id, end_date, exec_status, id_afs_runner, name, start_date, networkcontext_id, limit_violations_result_id, computation_with_remedials) VALUES (66, now(), 'COMPLETED', '', 'AS_COMMON', now(), 66, null, true);
INSERT INTO public.network_security_analysis_result(id, end_date, exec_status, id_afs_runner, name, start_date, networkcontext_id, limit_violations_result_id, computation_with_remedials) VALUES (67, now(), 'COMPLETED', '', 'AS_COMMON', now(), 67, null, true);
INSERT INTO public.network_security_analysis_result(id, end_date, exec_status, id_afs_runner, name, start_date, networkcontext_id, limit_violations_result_id, computation_with_remedials) VALUES (68, now(), 'COMPLETED', '', 'AS_COMMON', now(), 68, null, true);
INSERT INTO public.network_security_analysis_result(id, end_date, exec_status, id_afs_runner, name, start_date, networkcontext_id, limit_violations_result_id, computation_with_remedials) VALUES (69, now(), 'COMPLETED', '', 'AS_COMMON', now(), 69, null, true);


INSERT INTO public.network_contingency(id) VALUES ('contingency0001_id');
INSERT INTO public.network_contingency(id) VALUES ('contingency0002_id');
INSERT INTO public.network_contingency(id) VALUES ('contingency0003_id');
INSERT INTO public.network_contingency(id) VALUES ('contingency0004_id');

INSERT INTO public.network_limit_violations_result(id, computation_ok) VALUES (1, true);
INSERT INTO public.network_limit_violations_result(id, computation_ok) VALUES (2, true);
INSERT INTO public.network_limit_violations_result(id, computation_ok) VALUES (3, true);
INSERT INTO public.network_limit_violations_result(id, computation_ok) VALUES (4, true);
INSERT INTO public.network_limit_violations_result(id, computation_ok) VALUES (5, false);
INSERT INTO public.network_limit_violations_result(id, computation_ok) VALUES (6, false);
INSERT INTO public.network_limit_violations_result(id, computation_ok) VALUES (7, true);

INSERT INTO public.network_security_analysis_result(id, end_date, exec_status, id_afs_runner, name, start_date, networkcontext_id, limit_violations_result_id, computation_with_remedials) VALUES (70, now(), 'COMPLETED', '', 'AS_COMMON', now(), 70, 1, true);

INSERT INTO public.network_security_analysis_result(id, end_date, exec_status, id_afs_runner, name, start_date, networkcontext_id, limit_violations_result_id, computation_with_remedials) VALUES (71, now(), 'FAILED', '', 'AS_COMMON', now(), 71, null, true);
INSERT INTO public.network_security_analysis_result(id, end_date, exec_status, id_afs_runner, name, start_date, networkcontext_id, limit_violations_result_id, computation_with_remedials) VALUES (72, now(), 'FAILED', '', 'AS_COMMON', now(), 72, null, true);
INSERT INTO public.network_security_analysis_result(id, end_date, exec_status, id_afs_runner, name, start_date, networkcontext_id, limit_violations_result_id, computation_with_remedials) VALUES (73, now(), 'FAILED', '', 'AS_COMMON', now(), 73, null, true);

INSERT INTO public.network_context(id, computation_date, insertion_date, network_date, case_type_id) VALUES (74, '2018-10-16T07:00:00Z', now(), '2018-10-17T06:00:00Z', 'srj-ij');
INSERT INTO public.network_security_analysis_result(id, end_date, exec_status, id_afs_runner, name, start_date, networkcontext_id, limit_violations_result_id, computation_with_remedials) VALUES (74, now(), 'COMPLETED', '', 'AS_COMMON', now(), 74, 6, true);

INSERT INTO public.network_post_contingency_result(id, computationresult_id, networkcontingency_id, limit_violations_result_id) VALUES (1, 7, 'contingency0001_id', 1);
INSERT INTO public.network_post_contingency_result(id, computationresult_id, networkcontingency_id, limit_violations_result_id) VALUES (2, 9, 'contingency0002_id', 2);
INSERT INTO public.network_post_contingency_result(id, computationresult_id, networkcontingency_id, limit_violations_result_id) VALUES (3, 60, 'contingency0002_id', 3);
INSERT INTO public.network_post_contingency_result(id, computationresult_id, networkcontingency_id, limit_violations_result_id) VALUES (4, 61, 'contingency0004_id', 4);
INSERT INTO public.network_post_contingency_result(id, computationresult_id, networkcontingency_id, limit_violations_result_id) VALUES (5, 70, 'contingency0004_id', 5);
INSERT INTO public.network_post_contingency_result(id, computationresult_id, networkcontingency_id, limit_violations_result_id) VALUES (6, 74, 'contingency0004_id', 6);
INSERT INTO public.network_post_contingency_result(id, computationresult_id, networkcontingency_id, limit_violations_result_id) VALUES (7, 69, 'contingency0003_id', 7);


INSERT INTO public.network_limit_violation(id, acceptable_duration, "limit", limit_name, limit_reduction, limit_type, pre_value, pre_value_mw, side, subject_id, value, value_mw, limitviolationsresult_id)
VALUES (1, 1200, 495, null, 1, 'CURRENT', 247.753662109375, 26.9739379882812, 'TWO', 'BILLAL32PUTE5', 498.728881835938, 53.9531097412109, 1);
INSERT INTO public.network_limit_violation(id, acceptable_duration, "limit", limit_name, limit_reduction, limit_type, pre_value, pre_value_mw, side, subject_id, value, value_mw, limitviolationsresult_id)
VALUES (2, null, 495, null, 1, 'CURRENT', 244.786102294922, -26.7838554382324, 'ONE', 'BILLAL32PUTE5', 495.390014648438, -53.6584320068359, 2);
INSERT INTO public.network_limit_violation(id, acceptable_duration, "limit", limit_name, limit_reduction, limit_type, pre_value, pre_value_mw, side, subject_id, value, value_mw, limitviolationsresult_id)
VALUES (3, 1200, 495, null, 1, 'CURRENT', 247.96223449707, 26.8637638092041, 'TWO', 'BILLAL32PUTE5', 500.155944824219, 53.9853935241699, 1);
INSERT INTO public.network_limit_violation(id, acceptable_duration, "limit", limit_name, limit_reduction, limit_type, pre_value, pre_value_mw, side, subject_id, value, value_mw, limitviolationsresult_id)
VALUES (4, 1200, 1732.00012207031, 'N/A', 1, 'CURRENT', 995.323059082031, -151.925506591797, 'ONE', 'CHAN5Y742', 1744.57189941406, -281.390258789062, 3);
INSERT INTO public.network_limit_violation(id, acceptable_duration, "limit", limit_name, limit_reduction, limit_type, pre_value, pre_value_mw, side, subject_id, value, value_mw, limitviolationsresult_id)
VALUES (5, 1200, 1732.00012207031, 'N/A', 1, 'CURRENT', 1024.58703613281, -162.850997924805, 'ONE', 'CHAN5Y741', 1842.46362304688, -278.011138916016, 4);

INSERT INTO public.network_zone(uid, name, objectid) VALUES (1, 'Toulouse_Postes_cc_Zone_Sud', 'Toulouse_Postes_cc_Zone_Sud');
INSERT INTO public.network_zone(uid, name, objectid) VALUES (2, 'Toulouse_Postes_cc_Zone_Ouest', 'Toulouse_Postes_cc_Zone_Ouest');

INSERT INTO public.network_base_voltage(uid, name, objectid, nominal_voltage) VALUES (3, '20 kV', '1', 20);
INSERT INTO public.network_base_voltage(uid, name, objectid, nominal_voltage) VALUES (4, '45 kV', '2', 45);
INSERT INTO public.network_base_voltage(uid, name, objectid, nominal_voltage) VALUES (5, '63 kV', '3', 63);
INSERT INTO public.network_base_voltage(uid, name, objectid, nominal_voltage) VALUES (6, '90 kV', '4', 90);
INSERT INTO public.network_base_voltage(uid, name, objectid, nominal_voltage) VALUES (7, '150 kV', '5', 150);
INSERT INTO public.network_base_voltage(uid, name, objectid, nominal_voltage) VALUES (8, '225 kV', '6', 225);
INSERT INTO public.network_base_voltage(uid, name, objectid, nominal_voltage) VALUES (9, '400 kV', '7', 400);

INSERT INTO public.network_voltage_level(uid, name, objectid, basevoltage) VALUES (10, 'G.BILLAL32PUTE5', 'G.BILLAL32PUTE5', 8);
INSERT INTO public.network_voltage_level(uid, name, objectid, basevoltage) VALUES (11, '400 CHAN5Y742', 'CHAN5Y742', 8);
INSERT INTO public.network_voltage_level(uid, name, objectid, basevoltage) VALUES (12, 'LATENP7', 'LATENP7', 9);
INSERT INTO public.network_voltage_level(uid, name, objectid, basevoltage) VALUES (13, 'CHAN5Y741', 'CHAN5Y741', 8);
INSERT INTO public.network_voltage_level(uid, name, objectid, basevoltage) VALUES (14, 'LATENP1', 'LATENP1', 3);
INSERT INTO public.network_voltage_level(uid, name, objectid, basevoltage) VALUES (15, 'ZBONIP4', 'ZBONIP4', 6);

INSERT INTO public.network_zone_voltagelevel(zone_id, voltagelevel_id) VALUES (1, 10);
INSERT INTO public.network_zone_voltagelevel(zone_id, voltagelevel_id) VALUES (1, 12);
INSERT INTO public.network_zone_voltagelevel(zone_id, voltagelevel_id) VALUES (1, 13);
INSERT INTO public.network_zone_voltagelevel(zone_id, voltagelevel_id) VALUES (1, 14);
INSERT INTO public.network_zone_voltagelevel(zone_id, voltagelevel_id) VALUES (2, 11);
INSERT INTO public.network_zone_voltagelevel(zone_id, voltagelevel_id) VALUES (2, 15);

INSERT INTO public.network_contingency_voltagelevel(networkcontingency_id, voltagelevel_id) VALUES ('contingency0001_id', 10);
INSERT INTO public.network_contingency_voltagelevel(networkcontingency_id, voltagelevel_id) VALUES ('contingency0002_id', 11);
INSERT INTO public.network_contingency_voltagelevel(networkcontingency_id, voltagelevel_id) VALUES ('contingency0003_id', 13);
INSERT INTO public.network_contingency_voltagelevel(networkcontingency_id, voltagelevel_id) VALUES ('contingency0004_id', 14);

INSERT INTO public.network_limitviolation_voltagelevel(limitviolation_id, voltagelevel_id) VALUES (1, 10);
INSERT INTO public.network_limitviolation_voltagelevel(limitviolation_id, voltagelevel_id) VALUES (2, 10);
INSERT INTO public.network_limitviolation_voltagelevel(limitviolation_id, voltagelevel_id) VALUES (3, 10);
INSERT INTO public.network_limitviolation_voltagelevel(limitviolation_id, voltagelevel_id) VALUES (4, 11);
INSERT INTO public.network_limitviolation_voltagelevel(limitviolation_id, voltagelevel_id) VALUES (5, 13);

INSERT INTO public.usertypes (name, opfab_enabled) VALUES ('toulouse', true);
UPDATE users SET actual_usertype_id = 'toulouse' WHERE id=1;

INSERT INTO public.usertypes_users (user_id, usertype_name) VALUES (1, 'toulouse');
INSERT INTO public.usertypes_network_zones (usertype_name, network_zone_id) VALUES ('toulouse', 1);
INSERT INTO public.usertypes_network_zones (usertype_name, network_zone_id) VALUES ('toulouse', 2);

-- Test zones of exclusions
INSERT INTO public.network_contingency(id) VALUES ('AVALLL61VNOL');

INSERT INTO public.network_zone(uid, name, objectid) VALUES (16, 'regroupement_1', 'regroupement_1');
INSERT INTO public.network_zone(uid, name, objectid) VALUES (17, 'regroupement_2', 'regroupement_2');
INSERT INTO public.network_zone(uid, name, objectid) VALUES (18, 'regroupement_3', 'regroupement_3');
INSERT INTO public.network_zone(uid, name, objectid) VALUES (19, 'regroupement_4', 'regroupement_4');

INSERT INTO public.network_voltage_level(uid, name, objectid, basevoltage) VALUES (20, 'VERTOP6', 'VERTOP6', 5);
INSERT INTO public.network_voltage_level(uid, name, objectid, basevoltage) VALUES (21, 'MAUGEP6', 'MAUGEP6', 5);
INSERT INTO public.network_voltage_level(uid, name, objectid, basevoltage) VALUES (22, 'VLEMAP6', 'VLEMAP6', 5);
INSERT INTO public.network_voltage_level(uid, name, objectid, basevoltage) VALUES (23, 'ZGLACP6', 'ZGLACP6', 5);
INSERT INTO public.network_voltage_level(uid, name, objectid, basevoltage) VALUES (24, 'SSAL5P3', 'SSAL5P3', 5);
INSERT INTO public.network_voltage_level(uid, name, objectid, basevoltage) VALUES (25, 'ZC.BAP3', 'ZC.BAP3', 5);
INSERT INTO public.network_voltage_level(uid, name, objectid, basevoltage) VALUES (26, 'AVALLP6', 'AVALLP6', 5);

INSERT INTO public.network_contingency_voltagelevel(networkcontingency_id, voltagelevel_id) VALUES ('AVALLL61VNOL', 20);
INSERT INTO public.network_contingency_voltagelevel(networkcontingency_id, voltagelevel_id) VALUES ('AVALLL61VNOL', 26);

-- regroupement _1
INSERT INTO public.network_zone_voltagelevel(zone_id, voltagelevel_id) VALUES (16, 20);
INSERT INTO public.network_zone_voltagelevel(zone_id, voltagelevel_id) VALUES (16, 21);
INSERT INTO public.network_zone_voltagelevel(zone_id, voltagelevel_id) VALUES (16, 22);

-- regroupement _2
INSERT INTO public.network_zone_voltagelevel(zone_id, voltagelevel_id) VALUES (17, 20);
INSERT INTO public.network_zone_voltagelevel(zone_id, voltagelevel_id) VALUES (17, 21);
INSERT INTO public.network_zone_voltagelevel(zone_id, voltagelevel_id) VALUES (17, 22);
INSERT INTO public.network_zone_voltagelevel(zone_id, voltagelevel_id) VALUES (17, 23);

-- regroupement _3
INSERT INTO public.network_zone_voltagelevel(zone_id, voltagelevel_id) VALUES (18, 20);
INSERT INTO public.network_zone_voltagelevel(zone_id, voltagelevel_id) VALUES (18, 21);
INSERT INTO public.network_zone_voltagelevel(zone_id, voltagelevel_id) VALUES (18, 22);
INSERT INTO public.network_zone_voltagelevel(zone_id, voltagelevel_id) VALUES (18, 23);
INSERT INTO public.network_zone_voltagelevel(zone_id, voltagelevel_id) VALUES (18, 24);
INSERT INTO public.network_zone_voltagelevel(zone_id, voltagelevel_id) VALUES (18, 25);

-- regroupement _4
INSERT INTO public.network_zone_voltagelevel(zone_id, voltagelevel_id) VALUES (19, 20);
INSERT INTO public.network_zone_voltagelevel(zone_id, voltagelevel_id) VALUES (19, 26);

INSERT INTO public.network_limit_violations_result(id, computation_ok) VALUES (8, true);

INSERT INTO public.network_post_contingency_result(id, computationresult_id, networkcontingency_id, limit_violations_result_id) VALUES (8, 7, 'AVALLL61VNOL', 8);
INSERT INTO public.network_limit_violation(id, acceptable_duration, "limit", limit_name, limit_reduction, limit_type, pre_value, pre_value_mw, side, subject_id, value, value_mw, limitviolationsresult_id)
VALUES (6, 1200, 495, null, 1, 'CURRENT', 247.753662109375, 26.9739379882812, 'ONE', 'VLEMAL61ZGLAC', 498.728881835938, 53.9531097412109, 8);
INSERT INTO public.network_limit_violation(id, acceptable_duration, "limit", limit_name, limit_reduction, limit_type, pre_value, pre_value_mw, side, subject_id, value, value_mw, limitviolationsresult_id)
VALUES (7, 1200, 495, null, 1, 'CURRENT', 247.753662109375, 26.9739379882812, 'TWO', 'L5L31ZC.BA', 498.728881835938, 53.9531097412109, 8);
INSERT INTO public.network_limit_violation(id, acceptable_duration, "limit", limit_name, limit_reduction, limit_type, pre_value, pre_value_mw, side, subject_id, value, value_mw, limitviolationsresult_id)
VALUES (8, 1200, 495, null, 1, 'CURRENT', 247.753662109375, 26.9739379882812, 'TWO', 'MAUGEL61VERTO', 498.728881835938, 53.9531097412109, 8);
INSERT INTO public.network_limit_violation(id, acceptable_duration, "limit", limit_name, limit_reduction, limit_type, pre_value, pre_value_mw, side, subject_id, value, value_mw, limitviolationsresult_id)
VALUES (9, 1200, 495, null, 1, 'CURRENT', 247.753662109375, 26.9739379882812, 'TWO', 'VLEMAL61ZGLAC', 498.728881835938, 53.9531097412109, 8);

INSERT INTO public.network_limitviolation_voltagelevel(limitviolation_id, voltagelevel_id) VALUES (6, 22);
INSERT INTO public.network_limitviolation_voltagelevel(limitviolation_id, voltagelevel_id) VALUES (6, 23);

INSERT INTO public.network_limitviolation_voltagelevel(limitviolation_id, voltagelevel_id) VALUES (7, 24);
INSERT INTO public.network_limitviolation_voltagelevel(limitviolation_id, voltagelevel_id) VALUES (7, 25);

INSERT INTO public.network_limitviolation_voltagelevel(limitviolation_id, voltagelevel_id) VALUES (8, 20);
INSERT INTO public.network_limitviolation_voltagelevel(limitviolation_id, voltagelevel_id) VALUES (8, 21);

INSERT INTO public.network_limitviolation_voltagelevel(limitviolation_id, voltagelevel_id) VALUES (9, 22);
INSERT INTO public.network_limitviolation_voltagelevel(limitviolation_id, voltagelevel_id) VALUES (9, 23);

INSERT INTO public.usertypes (name, opfab_enabled) VALUES ('testExclude', true);

INSERT INTO users (id, username, password, enabled, created_time, default_usertype_id, actual_usertype_id)
SELECT nextval('USERS_SEQ'), 'test', '$2a$10$D4OLKI6yy68crm.3imC9X.P2xqKHs5TloWUcr6z5XdOqnTrAK84ri', true, now(), 'testExclude', 'testExclude'
       WHERE NOT EXISTS ( SELECT username FROM users WHERE username = 'test' );

INSERT INTO public.usertypes_users (user_id, usertype_name) VALUES (2, 'testExclude');
INSERT INTO public.usertypes_network_zones (usertype_name, network_zone_id) VALUES ('testExclude', 19);
